called method,method
70_holder,68_deletionInfo
75_holder,73_staticRow
80_holder,78_isEmpty
81_deletionInf,78_isEmpty
81_isLive,78_isEmpty
81_isEmpty,78_isEmpty
81_tree,78_isEmpty
81_staticRo,78_isEmpty
86_holder,84_hasRows
87_isEmpty,84_hasRows
87_tree,84_hasRows
102_holder,100_partitionLevelDeletion
102_deletionInf,100_partitionLevelDeletion
102_getPartitionDeletion,100_partitionLevelDeletion
107_holder,105_columns
112_holder,110_stats
117_selection,115_getRow
117_columns,115_getRow
117_selection(columns,115_getRow
117_next,115_getRow
120_isEmpty,115_getRow
125_deletionInf,123_staticRow
125_getPartitionDeletion,123_staticRow
126_fetchedColumns,123_staticRow
126_static,123_staticRow
126_isEmpty,123_staticRow
126_staticRo,123_staticRow
126_isLive,123_staticRow
129_staticRo,123_staticRow
129_filter,123_staticRow
144_hasNext,142_hasNext
150_staticRow,133_searchIterator
152_next,133_searchIterator
153_deletionInf,133_searchIterator
153_rangeCovering,133_searchIterator
159_deletionTime,133_searchIterator
159_supersedes,133_searchIterator
160_deletionTime,133_searchIterator
163_isLive,133_searchIterator
163_emptyDeletedRow,133_searchIterator
163_Deletio,133_searchIterator
163_regular,133_searchIterator
165_filter,133_searchIterator
172_all(metadata,170_unfilteredIterator
"172_ALL,false",170_unfilteredIterator
172_all,170_unfilteredIterator
172_metadata,170_unfilteredIterator
177_unfilteredIterator,175_unfilteredIterator
177_holder,175_unfilteredIterator
182_staticRow,180_unfilteredIterator
183_size,180_unfilteredIterator
185_deletionInf,180_unfilteredIterator
185_getPartitionDeletion,180_unfilteredIterator
186_noRowsIterator,180_unfilteredIterator
189_size,180_unfilteredIterator
190_get,180_unfilteredIterator
196_start,194_sliceIterator
197_end,194_sliceIterator
198_slice,194_sliceIterator
"198_tree,metadat",194_sliceIterator
"198_comparator,start,true,end,true,desc",194_sliceIterator
198_desc,194_sliceIterator
199_deletionInf,194_sliceIterator
199_rangeIterator,194_sliceIterator
201_merge,194_sliceIterator
207_deletionInf,204_merge
207_getPartitionDeletion,204_merge
210_canHaveShadowedData,204_merge
269_size,263_computeNext
270_endOfData,263_computeNext
272_size,263_computeNext
273_get,263_computeNext
273_EMPTY_STATIC_ROW,263_computeNext
277_hasNext,263_computeNext
278_next,263_computeNext
"297_ALL,isReverseOrder",294_computeNext
298_hasNext,294_computeNext
299_endOfData,294_computeNext
300_next,294_computeNext
305_sliceIterator,303_slice
316_all,314_sliceableUnfilteredIterator
321_metadata,319_build
322_columns,319_build
323_isReverseOrder,319_build
325_builder,319_build
"325_comparator,initialRowCapacity",319_build
326_auto,319_build
327_builder,319_build
327_partitionLevelDeletion,319_build
"327_comparator,reversed",319_build
329_hasNext,319_build
331_next,319_build
332_kind,319_build
333_add,319_build
335_add,319_build
339_reverse,319_build
341_build,319_build
341_staticRow,319_build
341_stats,319_build
348_metadata,346_build
349_columns,346_build
350_isReverseOrder,346_build
352_builder,346_build
"352_comparator,initialRowCapacity",346_build
353_auto,346_build
354_hasNext,346_build
356_next,346_build
357_add,346_build
361_reverse,346_build
363_staticRow,346_build
364_build,346_build
365_Collecto,346_build
365_collect,346_build
365_iterator,346_build
375_append,371_toString
375_format,371_toString
"375_%s] key=%s columns=%s"",metadat",371_toString
"375_ksName,metadat",371_toString
"375_cfName,metadat",371_toString
375_getKeyValidator,371_toString
375_getString(partitionKey,371_toString
"375_getKey()),columns",371_toString
378_getKeyValidator,371_toString
378_getString(partitionKey,371_toString
378_getKey,371_toString
378_partitionKey,371_toString
379_columns,371_toString
381_staticRow,371_toString
382_append,371_toString
382_append(staticRow,371_toString
382_toString,371_toString
382_staticRow,371_toString
385_append,371_toString
385_toString,371_toString
387_toString,371_toString
392_size(holder,390_rowCount
392_tree,390_rowCount
392_holder,390_rowCount
397_holder,395_iterator
402_holder,400_lastRow
403_isEmpty,400_lastRow
406_findByIndex,400_lastRow
406_size,400_lastRow
